"","Estimate","SE","N"
"1581",0.103988180962616,0.0300605423717659,4897
"1674",0.0775581292167226,0.0192405440549382,4897
"1840",0.161165379962606,0.0229186302464704,4897
