"","Estimate","SE","N"
"1581",0.101740628700262,0.0304619102150692,4897
"1674",0.0871526071034277,0.0207722424783863,4897
"1840",0.171083935641483,0.0196577593416105,4897
