"","Estimate","SE","N"
"1581",0.103352438650235,0.0298270039230643,4897
"1674",0.087703828233239,0.0212161478592968,4897
"1840",0.165483904105988,0.0200031803680617,4897
