"","Estimate","SE","N"
"1581",0.0747620770334107,0.0244013529667055,4897
"1674",0.0421154060044937,0.0153721569306603,4897
"1840",0.138918825135659,0.0227958347817544,4897
