"","Estimate","SE","N"
"1581",0.074346381422663,0.0245994087003599,4897
"1674",0.0623456688115988,0.0172156557521323,4897
"1840",0.187013845609705,0.0202124807635918,4897
