"","Estimate","SE","N"
"1581",0.0729045187618259,0.0246179471093321,4897
"1674",0.0671608411131087,0.0168221364743205,4897
"1840",0.190505127178232,0.0211642578996895,4897
