"","Estimate","SE","N"
"1581",0.103056114236161,0.0296213955632046,4897
"1674",0.106784854030726,0.0188846617737152,4897
"1840",0.124576702359908,0.0269470041238681,4897
