"","Estimate","SE","N"
"1581",0.109097218274766,0.0298450634836827,4897
"1674",0.130705718829706,0.0218819666003992,4897
"1840",0.189711005578309,0.0212239027296299,4897
