"","Estimate","SE","N"
"1581",0.0975068937759548,0.0296342935151616,4897
"1674",0.131222114866031,0.0218798148386083,4897
"1840",0.187729443807097,0.0213579759809016,4897
