"","Estimate","SE","N"
"1581",0.0910180933931248,0.0280087037622527,4897
"1674",0.0930713480599518,0.0202742622455809,4897
"1840",0.18519681481455,0.020698564350804,4897
