"","Estimate","SE","N"
"1581",0.0942960891249149,0.0276759020183041,4897
"1674",0.0884022973017389,0.0206813605061086,4897
"1840",0.182808296079722,0.021259972434318,4897
