"","Estimate","SE","N"
"1581",0.0973934522926224,0.0276992072911687,4897
"1674",0.0625671265655201,0.0165198324818738,4897
"1840",0.124123216516904,0.0252812577583066,4897
